Requêtes les plus fréquentes,Clics,Impressions,CTR,Position
modèle offre de reprise liquidation judiciaire,6,39,15.38%,5.67
depot de bilan transport routier 2026,4,74,5.41%,7.07
liquidation judiciaire transport routier 2026,3,143,2.1%,6.98
liquidation judiciaire transport routier,3,100,3%,10.25
liquidation judiciaire dans le transport,2,97,2.06%,10.64
brantham,2,3,66.67%,3.33
brantham partners,2,2,100%,1
redressement judiciaire transport routier,1,61,1.64%,10.1
entreprise de transport en difficulté 2026,1,59,1.69%,9
redressement judiciaire transport,1,19,5.26%,10.26
liquidation judiciaire transport,1,15,6.67%,9.27
entreprise de transport en redressement judiciaire,1,12,8.33%,10.42
entreprise de transport en liquidation judiciaire,1,10,10%,11.4
transport brelet redressement judiciaire,1,8,12.5%,15.75
annonces légales bodacc,1,1,100%,1
transports brelet redressement judiciaire,1,1,100%,27
différence sauvegarde et redressement,1,1,100%,35
redressement judiciaire,0,126,0%,44.67
plan redressement nice,0,107,0%,14.96
cession entreprise rennes,0,103,0%,28.52
liquidation judiciaire nice,0,67,0%,21.84
prepack cession,0,54,0%,17
reprise entreprise toulouse,0,50,0%,30.54
liste entreprise en liquidation judiciaire gratuit bodacc,0,44,0%,11.89
liquidation judiciaire,0,44,0%,76.57
redressement judiciaire nice,0,43,0%,19.56
droit des entreprises en difficultés st etienne,0,43,0%,25.53
droit des entreprises en difficultés saint-etienne,0,43,0%,26.16
prépack cession,0,42,0%,17.26
liquidation judiciaire redressement judiciaire,0,40,0%,43.58
sauvegarde judiciaire nice,0,37,0%,24.05
liquidation judiciaire nic,0,35,0%,26.2
score3 liquidation,0,31,0%,7.71
transfert d'entreprise rennes,0,30,0%,37.23
transfert d'entreprise strasbourg,0,30,0%,51
transport liquidation judiciaire,0,26,0%,11.5
procédure collective,0,24,0%,48.5
entreprise de transport en difficulté,0,21,0%,13.81
plan de cession,0,21,0%,42.67
rachat transport routier,0,20,0%,8.85
financement cession entreprise paris,0,20,0%,23.2
liquidation transport routier,0,18,0%,11.06
transport barré rachat,0,18,0%,18.78
procedure collective,0,17,0%,31.53
rachat société france procédure 2026,0,16,0%,6.88
transport en redressement judiciaire,0,16,0%,8.75
rachat entreprise lille,0,16,0%,13.19
redressement judiciaire lyon,0,16,0%,46.5
liquidation transport,0,15,0%,9.93
transfert entreprise montpellier,0,14,0%,19.21
pre pack cession,0,14,0%,19.93
offre de reprise,0,14,0%,21.36
bodacc recherche,0,13,0%,8.08
entreprise liquidation judiciaire,0,13,0%,34.92
liquidation redressement judiciaire,0,13,0%,43.69
transport redressement judiciaire,0,12,0%,10.25
transport routier liquidation,0,12,0%,10.83
acquisition d entreprise nice,0,12,0%,12.83
offre de reprise liquidation judiciaire,0,12,0%,19.58
liquidations judiciaires,0,12,0%,52.5
transport en liquidation judiciaire,0,11,0%,9.82
reprise entreprise rennes,0,11,0%,18.91
bodacc liquidation judiciaire,0,11,0%,19.27
liquidation judiciaire entreprise,0,11,0%,34.82
cessation de paiement,0,10,0%,7.1
banque apport minimum lbo pme 10% 20%,0,10,0%,9.9
fond de commerce en liquidation judiciaire prix,0,10,0%,11.9
reprise entreprise montpellier,0,10,0%,12.7
rachat entreprise lyon,0,10,0%,16.7
droit procedure collective nice,0,10,0%,34
redressement liquidation judiciaire,0,10,0%,38
entreprise en liquidation judiciaire,0,10,0%,40.1
data room m&a definition,0,10,0%,78.9
rachat entreprise rennes,0,9,0%,13
comment savoir si une entreprise est en liquidation judiciaire,0,9,0%,23.44
liquidation judiciaire lyon,0,9,0%,47.11
plan de continuation,0,9,0%,65.44
"""tour de table"" (seed or amorçage or ""série a"") startup",0,8,0%,6
conseil reprise entreprise marseille,0,8,0%,14.25
droit des entreprises en difficulte a toulon,0,8,0%,16
lettre d intention d achat entreprise,0,8,0%,80.25
societe de transport en redressement judiciaire,0,7,0%,10.29
entreprise en difficulte nouvelle aquitaine,0,7,0%,21.71
comment savoir si une entreprise est en redressement judiciaire,0,7,0%,41.86
mandat ad hoc,0,7,0%,52.29
liquidation judiciaires,0,7,0%,75.57
asymétrie d'information financement startups,0,6,0%,2.17
liquidation transporteur,0,6,0%,9.17
transporteur liquidation,0,6,0%,10.17
liquidation entreprise de transport,0,6,0%,10.5
data room audit juridique,0,6,0%,14.5
financement retournement,0,6,0%,17.17
liquidation judiciaire offre de reprise,0,6,0%,31
bodacc redressement judiciaire,0,6,0%,31.33
liquidation judiciaire 44,0,6,0%,36.67
mise en redressement,0,6,0%,37.83
redressement judiciaire liquidation judiciaire,0,6,0%,38.17
durée d'un redressement judiciaire,0,6,0%,45.67
societe liquidation judiciaire,0,6,0%,53.17
procédure de liquidation judiciaire,0,6,0%,55.33
plan de cession redressement judiciaire,0,6,0%,64.67
banque apport minimum lbo pme france 10% 20%,0,5,0%,6.2
"code de commerce redressement judiciaire période d'observation 6 mois 
renouvelable",0,5,0%,7.4
procedure de sauvegarde,0,5,0%,8.4
transport liquidation,0,5,0%,9.2
transport routier en redressement judiciaire,0,5,0%,12.4
data room audit financier,0,5,0%,15.8
période d'observation redressement judiciaire,0,5,0%,23.4
verif entreprise défaillante,0,5,0%,23.6
comment savoir si une entreprise est en liquidation,0,5,0%,23.8
jugement redressement judiciaire,0,5,0%,25.2
comment savoir si une entreprise a déposé le bilan,0,5,0%,28.2
redressement judiciaire durée,0,5,0%,28.2
racheter une societe en liquidation,0,5,0%,30.6
reprise d entreprise lyon,0,5,0%,30.6
liquidation judiciaire toulouse,0,5,0%,38.6
durée redressement judiciaire,0,5,0%,40.4
cession entreprise lyon,0,5,0%,41.6
comment savoir si une société est en redressement judiciaire,0,5,0%,41.6
turnaround management,0,5,0%,47.2
redressements judiciaires,0,5,0%,49.8
retournement d entreprise,0,5,0%,69.8
rachat sornay lyon,0,5,0%,73.4
liquidation judiciaire transporteur,0,4,0%,9.5
transporteur en difficulté,0,4,0%,10.5
checklist due diligence,0,4,0%,11.5
rachat d'entreprise clermont ferrand,0,4,0%,12
data room cession entreprise,0,4,0%,18.25
comment savoir si une société est en liquidation judiciaire,0,4,0%,23.75
reprise entreprise marseille,0,4,0%,24.25
liquidation judiciaire récente,0,4,0%,28
société en liquidation judiciaire,0,4,0%,31
liquider une société de transport,0,4,0%,32
rachat entreprise en difficulté,0,4,0%,41
offres de reprise,0,4,0%,42.5
procédure de redressement judiciaire,0,4,0%,54.25
période d'observation,0,4,0%,57.75
distressed m&a,0,4,0%,63.25
periode d'observation,0,4,0%,63.75
plan de continuation redressement,0,4,0%,66
administrateur judiciaire,0,4,0%,88.25
premier digital textiles,0,3,0%,6.33
rachat entreprises par fonds d'investissement,0,3,0%,7
"(""chaîne d’approvisionnement"" or ""supply chain"") and (""conformité"" or 
""réputation"" or ""rse"") and (""scandale"" or ""litige"" or ""corrupt"")",0,3,0%,7.67
"(""innovations"" or ""nouvelles solutions"" or ""nouveaux projets 
technologiques"") and (""digitalisation des procédés"" or ""digitalisation"" or 
""numérisation des procédés"") and (""secteurs industriels manufacturiers"" or 
""industrie manufacturière"" or ""procédés industriels"")",0,3,0%,9
"france redressement judiciaire période d'observation 6 mois renouvelable 
18 mois",0,3,0%,10
transport en liquidation,0,3,0%,10
societe transport liquidation,0,3,0%,10.33
liquidation judiciaire repreneur salarié,0,3,0%,10.67
liquidation judiciaire angers,0,3,0%,12.67
reprise entreprise nice,0,3,0%,13.67
liquidation judiciaire 2026,0,3,0%,14.33
turn around manager,0,3,0%,14.33
cession d'entreprise saint-etienne,0,3,0%,14.67
cout d une liquidation judiciaire,0,3,0%,15
difficultés de financement startups en france,0,3,0%,17
cession d'entreprise st etienne,0,3,0%,18
annonces bodacc redressement judiciaire,0,3,0%,18.33
entreprise de transport liquidation,0,3,0%,18.67
data room audit légal,0,3,0%,19.67
liquidation judiciaire rennes,0,3,0%,20
mise en redressement judiciaire,0,3,0%,20
bodacc,0,3,0%,20.33
rachat société digital,0,3,0%,23
liquidation judiciaire bordeaux,0,3,0%,23.33
management due diligence checklist,0,3,0%,23.33
redressement judiciaire 2026,0,3,0%,25.67
savoir si une entreprise est en liquidation,0,3,0%,25.67
redressement judiciaire liquidation,0,3,0%,29
transfert d entreprise clermont-ferrand,0,3,0%,29
bodacc.fr liquidation judiciaire,0,3,0%,30.33
redressement et liquidation marseille,0,3,0%,33.33
retournement d’entreprise,0,3,0%,35.33
rachat liquidation judiciaire,0,3,0%,38.33
le redressement judiciaire,0,3,0%,41
comment savoir si une societe est en redressement,0,3,0%,41.67
rachat d entreprise en difficulté,0,3,0%,47.67
prepack,0,3,0%,49.67
période d observation redressement judiciaire,0,3,0%,51
commerce en liquidation,0,3,0%,54.33
liquidation entreprise,0,3,0%,55.33
redressement judiciaire période d observation,0,3,0%,59.33
période d observation,0,3,0%,69.33
racheter une entreprise en liquidation,0,3,0%,70
apurement du passif,0,3,0%,77.33
administration judiciaire,0,3,0%,80.67
aide transmission entreprise marseille,0,3,0%,96.33
annexe comptable,0,2,0%,1
company closures in grand est region,0,2,0%,3
acquisitions agroalimentaires france 2026,0,2,0%,4
taux de défaillance des entreprises en france,0,2,0%,5.5
plan de retournement,0,2,0%,6
levées de fonds fintech 2023,0,2,0%,6.5
"startup ""tour de table"" ""série a""",0,2,0%,6.5
entreprise transport redressement judiciaire,0,2,0%,8
"entreprendre.service-public.fr redressement judiciaire période 
d'observation 6 mois renouvelable",0,2,0%,9
avocat reprise de sites et friches industrielles strasbourg,0,2,0%,9.5
reprise d'entreprise bordeaux,0,2,0%,9.5
brelet transport redressement judiciaire,0,2,0%,10
transporteur en redressement judiciaire,0,2,0%,10.5
vente matériel restaurant liquidation judiciaire 2026,0,2,0%,10.5
entreprise en difficulté 35,0,2,0%,11
outillage de saint-etienne redressement judiciaire,0,2,0%,11
stratégie restructuring nice,0,2,0%,12
turnaround finance,0,2,0%,13
turnaround manager,0,2,0%,13
rachat montpellier,0,2,0%,14
redressement judiciaire lille,0,2,0%,14.5
article liquidation judiciaire,0,2,0%,15
bodacc.fr c'est quoi,0,2,0%,17
rachat entreprise toulouse,0,2,0%,18
cession d'entreprise saint etienne,0,2,0%,19
comment savoir si une entreprise a fait faillite,0,2,0%,19
durée liquidation judiciaire,0,2,0%,19.5
rachat à la barre du tribunal,0,2,0%,21
comment savoir si une entreprise a fermé,0,2,0%,21.5
comment savoir si entreprise en liquidation judiciaire,0,2,0%,22.5
reprendre entreprise marseille,0,2,0%,22.5
transmission entreprise strasbourg,0,2,0%,23
comment savoir si une société est en liquidation,0,2,0%,24
liquidation judiciaire grenoble,0,2,0%,24
liquidation judiciaire saint-étienne,0,2,0%,24
savoir si une entreprise a fermé,0,2,0%,24
offre de reprise société en liquidation,0,2,0%,26
durée d un redressement judiciaire,0,2,0%,26.5
devis cessions et reprises d'entreprises - industrie,0,2,0%,27.5
transport en difficulté,0,2,0%,28
continuation plan,0,2,0%,28.5
retournement d entreprises,0,2,0%,28.5
due diligence financière liste de vérification,0,2,0%,31
cession d'entreprise saint-étienne,0,2,0%,35
entreprise en difficulté lyon,0,2,0%,36
liquidateur judiciaire,0,2,0%,36
liquidation judiciaire bodacc,0,2,0%,37.5
redressement,0,2,0%,38
comment savoir si une société est en vente,0,2,0%,40.5
rachat d une entreprise en liquidation judiciaire,0,2,0%,41.5
période d'observation liquidation judiciaire,0,2,0%,42
entreprises en liquidation,0,2,0%,42.5
liquidation judicaire,0,2,0%,43.5
procédure collective code de commerce,0,2,0%,48.5
transports raud redressement judiciaire,0,2,0%,50
cession d'entreprise lyon,0,2,0%,53
jugement liquidation judiciaire,0,2,0%,53.5
commerce en liquidation judiciaire,0,2,0%,57.5
mandataire ad hoc,0,2,0%,64
plan de cession entreprise,0,2,0%,68
acheter entreprise en difficulté,0,2,0%,69
liquidateurs judiciaires,0,2,0%,76.5
entreprise en liquidation,0,2,0%,77
entreprises en liquidation judiciaire,0,2,0%,78.5
définition procédure collective,0,2,0%,81.5
le redressement,0,2,0%,82
ad hoc définition,0,2,0%,85
barre tribunal,0,2,0%,85
liquidation judiciere,0,2,0%,86
vente entreprise en difficulté,0,2,0%,86
liquidation judiciare,0,2,0%,87.5
plan de cession en redressement judiciaire,0,2,0%,90
cessation paiement nice,0,2,0%,91
commission ad hoc,0,1,0%,1
fcff vs fcfe formula,0,1,0%,1
fond de commerce liquidation judiciaire,0,1,0%,1
phase d'observation,0,1,0%,1
reprise de societe en redressement judiciaire,0,1,0%,1
reprise d'entreprise en difficulté,0,1,0%,2
turnaround management definition,0,1,0%,3
oui,0,1,0%,4
turnaround management consulting,0,1,0%,4
"""purge""",0,1,0%,5
"(""mode"" or ""luxe"") and (""risque réglementaire"" or ""réglementation"" or 
""conformité"" or ""concurrence"" or ""risque compétitif"") and (""textile"" or 
""cuir"" or ""procédés de fabrication"" or ""technologies"")",0,1,0%,5
veille stratégique secteur mode luxe,0,1,0%,5
verif.com,0,1,0%,6
financements et coûts industriels,0,1,0%,7
implications pour les entreprises grand est,0,1,0%,7
redressement judiciaire transporteur,0,1,0%,7
montpellier rachat,0,1,0%,8
"code de commerce redressement judiciaire période d'observation durée 6 
mois renouvelable",0,1,0%,9
entreprise à reprendre tribunal de commerce,0,1,0%,9
bodacc.fr,0,1,0%,10
due diligence list,0,1,0%,10
liquidation judiciaire strasbourg,0,1,0%,10
liquidation judiciaire textile,0,1,0%,10
procedures collectives a toulon,0,1,0%,10
sauvegarde acceleree,0,1,0%,10
transporteur depot de bilan,0,1,0%,10
un repreneur peut-il baisser les salaires,0,1,0%,10
fermeture entreprise transport,0,1,0%,11
pre pack faillissement,0,1,0%,11
pré pack cession,0,1,0%,11
redressement judiciaire france,0,1,0%,11
societe de transport en liquidation judiciaire,0,1,0%,11
transporteur en liquidation,0,1,0%,11
vitadis flixecourt redressement judiciaire,0,1,0%,11
"code de commerce redressement judiciaire période d'observation 6 mois 
renouvelable 18 mois",0,1,0%,12
cout liquidation judiciaire,0,1,0%,12
discipline collective,0,1,0%,12
score3 défaillance,0,1,0%,12
"startup ""boucle"" ""millions""",0,1,0%,12
pre pack liquidation,0,1,0%,13
redressement judiciaire toulouse,0,1,0%,14
conformité juridique data room,0,1,0%,15
transfert d’entreprises le havre,0,1,0%,15
"(""startups"" or ""levées de fonds"" or ""financement"" or ""partenariats"" or 
""déploiements"" or ""acquisitions"") and (""logistique"" or ""supply chain"" or 
""3pl"" or ""4pl"" or ""chargeurs"" or ""retailers"")",0,1,0%,16
entreprise btp en liquidation,0,1,0%,16
pre pack,0,1,0%,16
reprise entreprise difficultés,0,1,0%,18
due diligence materials,0,1,0%,19
entreprise liquidation,0,1,0%,19
insights de marché sur la rémunération variable,0,1,0%,19
pre-pack,0,1,0%,19
barre de tribunal,0,1,0%,20
comment savoir si une entreprise est en faillite,0,1,0%,20
coût cession entreprise,0,1,0%,20
expertise judiciaire valorisation entreprise,0,1,0%,20
liquidation judiciaire puy de dome,0,1,0%,20
plan de cession code de commerce,0,1,0%,20
rachat lyon,0,1,0%,20
transport mge redressement judiciaire,0,1,0%,20
omt transport redressement judiciaire,0,1,0%,21
liquidation judiciaire saint etienne,0,1,0%,24
bodacc liquidation,0,1,0%,25
mandat ad hoc et conciliation,0,1,0%,25
procedure collective liquidation,0,1,0%,25
redressement judiciaire période d'observation,0,1,0%,25
entreprise en difficulté 44,0,1,0%,26
entreprise nouvelle art 44 sexies,0,1,0%,26
redressement judiciaire bordeaux,0,1,0%,26
data room pour cession d entreprise,0,1,0%,27
entreprise en redressement judiciaire 44,0,1,0%,27
liquidation judiciaire avec poursuite d activité,0,1,0%,27
procédure redressement judiciaire,0,1,0%,28
redressement judiciaire rennes,0,1,0%,28
cession entreprise marseille,0,1,0%,29
procedure de liquidation judiciaire,0,1,0%,29
liquidation judiciaire montpellier,0,1,0%,30
redressement judiciaire 67,0,1,0%,30
redressement judiciaire montpellier,0,1,0%,30
liquidation judiciaire code de commerce,0,1,0%,31
retournement d'entreprise,0,1,0%,31
schéma redressement judiciaire,0,1,0%,31
savoir si une entreprise a déposé le bilan,0,1,0%,32
transfert d’entreprise rouen,0,1,0%,32
avocat reprise enrteprise st etienne,0,1,0%,33
devis cessions et reprises d'entreprises,0,1,0%,33
liquidation judiciaire procédure,0,1,0%,33
placement en redressement judiciaire,0,1,0%,33
redressement et liquidation judiciaire,0,1,0%,33
société en liquidation,0,1,0%,33
fond de retournement,0,1,0%,34
liquidation judiciaire lille,0,1,0%,34
procédure de redressement,0,1,0%,34
"""financement"" startup ""série""",0,1,0%,35
france liquidation judiciaire,0,1,0%,36
procédure de sauvegarde accélérée,0,1,0%,36
reprise entreprise strasbourg,0,1,0%,36
reprise d'entreprise lyon,0,1,0%,37
comment savoir si mon entreprise est en redressement judiciaire,0,1,0%,38
due diligence data room,0,1,0%,39
liquidation judiciaire marseille,0,1,0%,39
achat entreprise en difficulté,0,1,0%,40
transfert d'entreprise montpellier,0,1,0%,40
annonce liquidation judiciaire,0,1,0%,42
expedia,0,1,0%,42
racheter une entreprise en liquidation judiciaire,0,1,0%,43
code des procédures collectives,0,1,0%,44
loi de justice xxie siècle procédure collective,0,1,0%,44
racheter une entreprise en difficulté,0,1,0%,45
reprise de site drupal dette,0,1,0%,45
vente aux enchères liquidation judiciaire angers,0,1,0%,46
vente d entreprise en difficulté,0,1,0%,46
lettre d intention m&a,0,1,0%,49
reprendre une entreprise en bretagne,0,1,0%,49
une liquidation judiciaire dure combien de temps,0,1,0%,52
jugement d'ouverture de liquidation judiciaire,0,1,0%,57
différence entre plan de cession et liquidation judiciaire,0,1,0%,58
savoir si entreprise en liquidation judiciaire,0,1,0%,58
entreprise en procédure collective,0,1,0%,59
rachat de societe en liquidation judiciaire,0,1,0%,60
accompagnement repreneurs entreprises paris 8,0,1,0%,62
liquidation juridique,0,1,0%,63
liquidation judiciaire 69,0,1,0%,64
type de sauvegarde avantages et inconvénients,0,1,0%,65
soitec,0,1,0%,66
dossier liquidation judiciaire,0,1,0%,67
capital sourcing,0,1,0%,68
exonération entreprise nouvelle,0,1,0%,69
rôle mandataire judiciaire,0,1,0%,69
lettre d intention achat entreprise,0,1,0%,70
role du mandataire judiciaire,0,1,0%,72
classe de partie affectée,0,1,0%,73
offres reprise,0,1,0%,74
duree liquidation judiciaire,0,1,0%,75
plan de cession liquidation judiciaire,0,1,0%,75
période observation,0,1,0%,76
redressement judiciaire def,0,1,0%,77
procédure collective def,0,1,0%,78
entreprise redressement judiciaire,0,1,0%,79
ouverture procédure collective,0,1,0%,79
quelles sont les conséquences d'une liquidation judiciaire,0,1,0%,79
redressement judiciaire civil,0,1,0%,80
demande de liquidation judiciaire,0,1,0%,81
qu est ce qu un redressement judiciaire,0,1,0%,82
reprise de justice,0,1,0%,82
liquidation judiciaire 63,0,1,0%,84
societe en redressement judiciaire,0,1,0%,84
liquidation france,0,1,0%,85
liquidation judiciaire fond de commerce,0,1,0%,85
liquidation judiciaire liste,0,1,0%,85
procédure liquidation judiciaire,0,1,0%,86
redressement judiciaire procedure,0,1,0%,86
la liquidation judiciaire,0,1,0%,87
rachat de société en liquidation,0,1,0%,87
redressement entreprise,0,1,0%,87
redressement judiciaire entreprise,0,1,0%,87
liquidation judiciaire rouen,0,1,0%,88
data room c'est quoi,0,1,0%,89
qu'est-ce qu'une procédure collective,0,1,0%,89
liquidation judiciaire commerce,0,1,0%,90
ad hoc procedure,0,1,0%,91
redressement judiciaire et liquidation,0,1,0%,91
procedure collective en cour,0,1,0%,92
placement en liquidation judiciaire,0,1,0%,94
plan de redressement,0,1,0%,95
système de sourcing,0,1,0%,95
calcul droit d'enregistrement fonds de commerce,0,1,0%,96
que se passe t il après une liquidation judiciaire,0,1,0%,97
rachat matériel industriel,0,1,0%,98
après une liquidation judiciaire que se passe t-il,0,1,0%,99
modèle lettre d'intention d'achat parts sociales,0,1,0%,100